{
  "accuracy": [
    0.9930695295333862,
    0.9987398982048035,
    0.9993699789047241,
    0.998802900314331,
    0.9990549683570862
  ],
  "val_accuracy": [
    1.0,
    1.0,
    1.0,
    1.0,
    1.0
  ],
  "loss": [
    0.025041447952389717,
    0.00463093863800168,
    0.0030466988682746887,
    0.004201792646199465,
    0.0025230925530195236
  ],
  "val_loss": [
    0.0004453154106158763,
    2.1893038137932308e-05,
    2.1291654775268398e-05,
    9.371985470352229e-06,
    4.310734766477253e-06
  ]
}