{
  "accuracy": [
    0.9879032373428345,
    0.9988659024238586,
    0.9982358813285828,
    0.9996219873428345,
    0.999243974685669
  ],
  "val_accuracy": [
    1.0,
    1.0,
    1.0,
    1.0,
    1.0
  ],
  "loss": [
    0.03901335224509239,
    0.004356328397989273,
    0.0071129328571259975,
    0.0019182758405804634,
    0.0034763123840093613
  ],
  "val_loss": [
    0.001021749572828412,
    3.599404954002239e-05,
    2.323121043446008e-05,
    9.990912076318637e-06,
    2.6709407393354923e-05
  ]
}